first_name,last_name,city,state,email
James,Butt,New Orleans,LA,jbutt@gmail.com
Josephine,Darakjy,Brighton,MI,josephine_darakjy@darakjy.org
Art,Venere,Bridgeport,NJ,art@venere.org
Lenna,Paprocki,Anchorage,AK,lpaprocki@hotmail.com
Donette,Foller,Hamilton,OH,donette.foller@cox.net
Simona,Morasca,Ashland,OH,simona@morasca.com
Mitsue,Tollner,Chicago,IL,mitsue_tollner@yahoo.com
Leota,Dilliard,San Jose,CA,leota@hotmail.com
Sage,Wieser,Sioux Falls,SD,sage_wieser@cox.net
Kris,Marrier,Baltimore,MD,kris@gmail.com
Minna,Amigon,Kulpsville,PA,minna_amigon@yahoo.com
Abel,Maclead,Middle Island,NY,amaclead@gmail.com
Kiley,Caldarera,Los Angeles,CA,kiley.caldarera@aol.com
Graciela,Ruta,Chagrin Falls,OH,gruta@cox.net
Cammy,Albares,Laredo,TX,calbares@gmail.com
Mattie,Poquette,Phoenix,AZ,mattie@aol.com
Meaghan,Garufi,Mc Minnville,TN,meaghan@hotmail.com
Gladys,Rim,Milwaukee,WI,gladys.rim@rim.org
Yuki,Whobrey,Taylor,MI,yuki_whobrey@aol.com
Fletcher,Flosi,Rockford,IL,fletcher.flosi@yahoo.com
Bette,Nicka,Aston,PA,bette_nicka@cox.net
Veronika,Inouye,San Jose,CA,vinouye@aol.com
Willard,Kolmetz,Irving,TX,willard@hotmail.com
Maryann,Royster,Albany,NY,mroyster@royster.com
Alisha,Slusarski,Middlesex,NJ,alisha@slusarski.com
Allene,Iturbide,Stevens Point,WI,allene_iturbide@cox.net
Chanel,Caudy,Shawnee,KS,chanel.caudy@caudy.org
Ezekiel,Chui,Easton,MD,ezekiel@chui.com
Willow,Kusko,New York,NY,wkusko@yahoo.com
Bernardo,Figeroa,Conroe,TX,bfigeroa@aol.com
Ammie,Corrio,Columbus,OH,ammie@corrio.com
Francine,Vocelka,Las Cruces,NM,francine_vocelka@vocelka.com
Ernie,Stenseth,Ridgefield Park,NJ,ernie_stenseth@aol.com
Albina,Glick,Dunellen,NJ,albina@glick.com
Alishia,Sergi,New York,NY,asergi@gmail.com
Solange,Shinko,Metairie,LA,solange@shinko.com
Jose,Stockham,New York,NY,jose@yahoo.com
Rozella,Ostrosky,Camarillo,CA,rozella.ostrosky@ostrosky.com
Valentine,Gillian,San Antonio,TX,valentine_gillian@gmail.com
Kati,Rulapaugh,Abilene,KS,kati.rulapaugh@hotmail.com
Youlanda,Schemmer,Prineville,OR,youlanda@aol.com
Dyan,Oldroyd,Overland Park,KS,doldroyd@aol.com
Roxane,Campain,Fairbanks,AK,roxane@hotmail.com
Lavera,Perin,Miami,FL,lperin@perin.org
Erick,Ferencz,Fairbanks,AK,erick.ferencz@aol.com
Fatima,Saylors,Hopkins,MN,fsaylors@saylors.org
Jina,Briddick,Boston,MA,jina_briddick@briddick.com
Kanisha,Waycott,Los Angeles,CA,kanisha_waycott@yahoo.com
Emerson,Bowley,Madison,WI,emerson.bowley@bowley.org
Blair,Malet,Philadelphia,PA,bmalet@yahoo.com
Brock,Bolognia,New York,NY,bbolognia@yahoo.com
Lorrie,Nestle,Tullahoma,TN,lnestle@hotmail.com
Sabra,Uyetake,Columbia,SC,sabra@uyetake.org
Marjory,Mastella,Wayne,PA,mmastella@mastella.com
Karl,Klonowski,Flemington,NJ,karl_klonowski@yahoo.com
Tonette,Wenner,Westbury,NY,twenner@aol.com
Amber,Monarrez,Jenkintown,PA,amber_monarrez@monarrez.org
Shenika,Seewald,Van Nuys,CA,shenika@gmail.com
Delmy,Ahle,Providence,RI,delmy.ahle@hotmail.com
Deeanna,Juhas,Huntingdon Valley,PA,deeanna_juhas@gmail.com
Blondell,Pugh,Providence,RI,bpugh@aol.com
Jamal,Vanausdal,Monroe Township,NJ,jamal@vanausdal.org
Cecily,Hollack,Austin,TX,cecily@hollack.org
Carmelina,Lindall,Littleton,CO,carmelina_lindall@lindall.com
Maurine,Yglesias,Milwaukee,WI,maurine_yglesias@yglesias.com
Tawna,Buvens,New York,NY,tawna@gmail.com
Penney,Weight,Anchorage,AK,penney_weight@aol.com
Elly,Morocco,Erie,PA,elly_morocco@gmail.com
Ilene,Eroman,Glen Burnie,MD,ilene.eroman@hotmail.com
Vallie,Mondella,Boise,ID,vmondella@mondella.com
Kallie,Blackwood,San Francisco,CA,kallie.blackwood@gmail.com
Johnetta,Abdallah,Chapel Hill,NC,johnetta_abdallah@aol.com
Bobbye,Rhym,San Carlos,CA,brhym@rhym.com
Micaela,Rhymes,Concord,CA,micaela_rhymes@gmail.com
Tamar,Hoogland,London,OH,tamar@hotmail.com
Moon,Parlato,Wellsville,NY,moon@yahoo.com
Laurel,Reitler,Baltimore,MD,laurel_reitler@reitler.com
Delisa,Crupi,Newark,NJ,delisa.crupi@crupi.com
Viva,Toelkes,Chicago,IL,viva.toelkes@gmail.com
Elza,Lipke,Newark,NJ,elza@yahoo.com
Devorah,Chickering,Clovis,NM,devorah@hotmail.com
Timothy,Mulqueen,Staten Island,NY,timothy_mulqueen@mulqueen.org
Arlette,Honeywell,Jacksonville,FL,ahoneywell@honeywell.com
Dominque,Dickerson,Hayward,CA,dominque.dickerson@dickerson.org
Lettie,Isenhower,Beachwood,OH,lettie_isenhower@yahoo.com
Myra,Munns,Euless,TX,mmunns@cox.net
Stephaine,Barfield,Gardena,CA,stephaine@barfield.com
Lai,Gato,Evanston,IL,lai.gato@gato.org
Stephen,Emigh,Akron,OH,stephen_emigh@hotmail.com
Tyra,Shields,Philadelphia,PA,tshields@gmail.com
Tammara,Wardrip,Burlingame,CA,twardrip@cox.net
Cory,Gibes,San Gabriel,CA,cory.gibes@gmail.com
Danica,Bruschke,Waco,TX,danica_bruschke@gmail.com
Wilda,Giguere,Anchorage,AK,wilda@cox.net
Elvera,Benimadho,San Jose,CA,elvera.benimadho@cox.net
Carma,Vanheusen,San Leandro,CA,carma@cox.net
Malinda,Hochard,Indianapolis,IN,malinda.hochard@yahoo.com
Natalie,Fern,Rock Springs,WY,natalie.fern@hotmail.com
Lisha,Centini,Mc Lean,VA,lisha@centini.org
Arlene,Klusman,New Orleans,LA,arlene_klusman@gmail.com
Alease,Buemi,Boulder,CO,alease@buemi.com
Louisa,Cronauer,San Leandro,CA,louisa@cronauer.com
Angella,Cetta,Honolulu,HI,angella.cetta@hotmail.com
Cyndy,Goldammer,Burnsville,MN,cgoldammer@cox.net
Rosio,Cork,High Point,NC,rosio.cork@gmail.com
Celeste,Korando,Lynbrook,NY,ckorando@hotmail.com
Twana,Felger,Portland,OR,twana.felger@felger.org
Estrella,Samu,Beloit,WI,estrella@aol.com
Donte,Kines,Worcester,MA,dkines@hotmail.com
Tiffiny,Steffensmeier,Miami,FL,tiffiny_steffensmeier@cox.net
Edna,Miceli,Erie,PA,emiceli@miceli.org
Sue,Kownacki,Mesquite,TX,sue@aol.com
Jesusa,Shin,Tullahoma,TN,jshin@shin.com
Rolland,Francescon,Paterson,NJ,rolland@cox.net
Pamella,Schmierer,Homestead,FL,pamella.schmierer@schmierer.org
Glory,Kulzer,Owings Mills,MD,gkulzer@kulzer.org
Shawna,Palaspas,Thousand Oaks,CA,shawna_palaspas@palaspas.org
Brandon,Callaro,Honolulu,HI,brandon_callaro@hotmail.com
Scarlet,Cartan,Albany,GA,scarlet.cartan@yahoo.com
Oretha,Menter,Boston,MA,oretha_menter@yahoo.com
Ty,Smith,Hackensack,NJ,tsmith@aol.com
Xuan,Rochin,San Mateo,CA,xuan@gmail.com
Lindsey,Dilello,Ontario,CA,lindsey.dilello@hotmail.com
Devora,Perez,Oakland,CA,devora_perez@perez.org
Herman,Demesa,Troy,NY,hdemesa@cox.net
Rory,Papasergi,Clarks Summit,PA,rpapasergi@cox.net
Talia,Riopelle,Orange,NJ,talia_riopelle@aol.com
Van,Shire,Pittstown,NJ,van.shire@shire.com
Lucina,Lary,Cocoa,FL,lucina_lary@cox.net
Bok,Isaacs,Bronx,NY,bok.isaacs@aol.com
Rolande,Spickerman,Pearl City,HI,rolande.spickerman@spickerman.com
Howard,Paulas,Denver,CO,hpaulas@gmail.com
Kimbery,Madarang,Rockaway,NJ,kimbery_madarang@cox.net
Thurman,Manno,Absecon,NJ,thurman.manno@yahoo.com
Becky,Mirafuentes,Plainfield,NJ,becky.mirafuentes@mirafuentes.com
Beatriz,Corrington,Middleboro,MA,beatriz@yahoo.com
Marti,Maybury,Chicago,IL,marti.maybury@yahoo.com
Nieves,Gotter,Portland,OR,nieves_gotter@gmail.com
Leatha,Hagele,Dallas,TX,lhagele@cox.net
Valentin,Klimek,Chicago,IL,vklimek@klimek.org
Melissa,Wiklund,Findlay,OH,melissa@cox.net
Sheridan,Zane,Riverside,CA,sheridan.zane@zane.com
Bulah,Padilla,Waco,TX,bulah_padilla@hotmail.com
Audra,Kohnert,Nashville,TN,audra@kohnert.com
Daren,Weirather,Milwaukee,WI,dweirather@aol.com
Fernanda,Jillson,Preston,MD,fjillson@aol.com
Gearldine,Gellinger,Irving,TX,gearldine_gellinger@gellinger.com
Chau,Kitzman,Beverly Hills,CA,chau@gmail.com
Theola,Frey,Massapequa,NY,theola_frey@frey.com
Cheryl,Haroldson,Atlantic City,NJ,cheryl@haroldson.org
Laticia,Merced,Cincinnati,OH,lmerced@gmail.com
Carissa,Batman,Eugene,OR,carissa.batman@yahoo.com
Lezlie,Craghead,Smithfield,NC,lezlie.craghead@craghead.org
Ozell,Shealy,New York,NY,oshealy@hotmail.com
Arminda,Parvis,Phoenix,AZ,arminda@parvis.com
Reita,Leto,Indianapolis,IN,reita.leto@gmail.com
Yolando,Luczki,Syracuse,NY,yolando@cox.net
Lizette,Stem,Cherry Hill,NJ,lizette.stem@aol.com
Gregoria,Pawlowicz,Garden City,NY,gpawlowicz@yahoo.com
Carin,Deleo,Little Rock,AR,cdeleo@deleo.com
Chantell,Maynerich,Saint Paul,MN,chantell@yahoo.com
Dierdre,Yum,Philadelphia,PA,dyum@yahoo.com
Larae,Gudroe,Houma,LA,larae_gudroe@gmail.com
Latrice,Tolfree,Ronkonkoma,NY,latrice.tolfree@hotmail.com
Kerry,Theodorov,Sacramento,CA,kerry.theodorov@gmail.com
Dorthy,Hidvegi,Boise,ID,dhidvegi@yahoo.com
Fannie,Lungren,Round Rock,TX,fannie.lungren@yahoo.com
Evangelina,Radde,Philadelphia,PA,evangelina@aol.com
Novella,Degroot,Hilo,HI,novella_degroot@degroot.org
Clay,Hoa,Reno,NV,choa@hoa.org
Jennifer,Fallick,Wheeling,IL,jfallick@yahoo.com
Irma,Wolfgramm,Randolph,NJ,irma.wolfgramm@hotmail.com
Eun,Coody,Spartanburg,SC,eun@yahoo.com
Sylvia,Cousey,Hampstead,MD,sylvia_cousey@cousey.org
Nana,Wrinkles,Mount Vernon,NY,nana@aol.com
Layla,Springe,New York,NY,layla.springe@cox.net
Joesph,Degonia,Berkeley,CA,joesph_degonia@degonia.org
Annabelle,Boord,Concord,MA,annabelle.boord@cox.net
Stephaine,Vinning,San Francisco,CA,stephaine@cox.net
Nelida,Sawchuk,Paramus,NJ,nelida@gmail.com
Marguerita,Hiatt,Oakley,CA,marguerita.hiatt@gmail.com
Carmela,Cookey,Chicago,IL,ccookey@cookey.org
Junita,Brideau,Cedar Grove,NJ,jbrideau@aol.com
Claribel,Varriano,Perrysburg,OH,claribel_varriano@cox.net
Benton,Skursky,Gardena,CA,benton.skursky@aol.com
Hillary,Skulski,Homosassa,FL,hillary.skulski@aol.com
Merilyn,Bayless,Santa Clara,CA,merilyn_bayless@cox.net
Teri,Ennaco,Hazleton,PA,tennaco@gmail.com
Merlyn,Lawler,Jersey City,NJ,merlyn_lawler@hotmail.com
Georgene,Montezuma,San Ramon,CA,gmontezuma@cox.net
Jettie,Mconnell,Bridgewater,NJ,jmconnell@hotmail.com
Lemuel,Latzke,Bohemia,NY,lemuel.latzke@gmail.com
Melodie,Knipp,Thousand Oaks,CA,mknipp@gmail.com
Candida,Corbley,Somerville,NJ,candida_corbley@hotmail.com
Karan,Karpin,Beaverton,OR,karan_karpin@gmail.com
Andra,Scheyer,Salem,OR,andra@gmail.com
Felicidad,Poullion,Riverton,NJ,fpoullion@poullion.com
Belen,Strassner,Douglasville,GA,belen_strassner@aol.com
Gracia,Melnyk,Jacksonville,FL,gracia@melnyk.com
Jolanda,Hanafan,Bangor,ME,jhanafan@gmail.com
Barrett,Toyama,Kennedale,TX,barrett.toyama@toyama.org
Helga,Fredicks,Buffalo,NY,helga_fredicks@yahoo.com
Ashlyn,Pinilla,Opa Locka,FL,apinilla@cox.net
Fausto,Agramonte,New York,NY,fausto_agramonte@yahoo.com
Ronny,Caiafa,Philadelphia,PA,ronny.caiafa@caiafa.org
Marge,Limmel,Crestview,FL,marge@gmail.com
Norah,Waymire,San Francisco,CA,norah.waymire@gmail.com
Aliza,Baltimore,San Jose,CA,aliza@aol.com
Mozell,Pelkowski,South San Francisco,CA,mpelkowski@pelkowski.org
Viola,Bitsuie,Northridge,CA,viola@gmail.com
Franklyn,Emard,Philadelphia,PA,femard@emard.com
Willodean,Konopacki,Lafayette,LA,willodean_konopacki@konopacki.org
Beckie,Silvestrini,Dearborn,MI,beckie.silvestrini@silvestrini.com
Rebecka,Gesick,Austin,TX,rgesick@gesick.org
Frederica,Blunk,Dallas,TX,frederica_blunk@gmail.com
Glen,Bartolet,Vashon,WA,glen_bartolet@hotmail.com
Freeman,Gochal,Coatesville,PA,freeman_gochal@aol.com
Vincent,Meinerding,Philadelphia,PA,vincent.meinerding@hotmail.com
Rima,Bevelacqua,Gardena,CA,rima@cox.net
Glendora,Sarbacher,Rohnert Park,CA,gsarbacher@gmail.com
Avery,Steier,Orlando,FL,avery@cox.net
Cristy,Lother,Escondido,CA,cristy@lother.com
Nicolette,Brossart,Westborough,MA,nicolette_brossart@brossart.com
Tracey,Modzelewski,Conroe,TX,tracey@hotmail.com
Virgina,Tegarden,Milwaukee,WI,virgina_tegarden@tegarden.com
Tiera,Frankel,El Monte,CA,tfrankel@aol.com
Alaine,Bergesen,Yonkers,NY,alaine_bergesen@cox.net
Earleen,Mai,Dallas,TX,earleen_mai@cox.net
Leonida,Gobern,Biloxi,MS,leonida@gobern.org
Ressie,Auffrey,Miami,FL,ressie.auffrey@yahoo.com
Justine,Mugnolo,New York,NY,jmugnolo@yahoo.com
Eladia,Saulter,Ramsey,NJ,eladia@saulter.com
Chaya,Malvin,Ann Arbor,MI,chaya@malvin.com
Gwenn,Suffield,Deer Park,NY,gwenn_suffield@suffield.org
Salena,Karpel,Canton,OH,skarpel@cox.net
Yoko,Fishburne,New Haven,CT,yoko@fishburne.com
Taryn,Moyd,Fairfax,VA,taryn.moyd@hotmail.com
Katina,Polidori,Wilmington,MA,katina_polidori@aol.com
Rickie,Plumer,Toledo,OH,rickie.plumer@aol.com
Alex,Loader,Tacoma,WA,alex@loader.com
Lashon,Vizarro,Roseville,CA,lashon@aol.com
Lauran,Burnard,Riverton,WY,lburnard@burnard.com
Ceola,Setter,Warren,ME,ceola.setter@setter.org
My,Rantanen,Richboro,PA,my@hotmail.com
Lorrine,Worlds,Tampa,FL,lorrine.worlds@worlds.com
Peggie,Sturiale,El Cajon,CA,peggie@cox.net
Marvel,Raymo,College Station,TX,mraymo@yahoo.com
Daron,Dinos,Highland Park,IL,daron_dinos@cox.net
An,Fritz,Atlantic City,NJ,an_fritz@hotmail.com
Portia,Stimmel,Bridgewater,NJ,portia.stimmel@aol.com
Rhea,Aredondo,Brooklyn,NY,rhea_aredondo@cox.net
Benedict,Sama,Saint Louis,MO,bsama@cox.net
Alyce,Arias,Stockton,CA,alyce@arias.org
Heike,Berganza,Little Falls,NJ,heike@gmail.com
Carey,Dopico,Indianapolis,IN,carey_dopico@dopico.org
Dottie,Hellickson,Seattle,WA,dottie@hellickson.org
Deandrea,Hughey,Burlington,NC,deandrea@yahoo.com
Kimberlie,Duenas,Hays,KS,kimberlie_duenas@yahoo.com
Martina,Staback,Orlando,FL,martina_staback@staback.com
Skye,Fillingim,Minneapolis,MN,skye_fillingim@yahoo.com
Jade,Farrar,Columbia,SC,jade.farrar@yahoo.com
Charlene,Hamilton,Santa Rosa,CA,charlene.hamilton@hotmail.com
Geoffrey,Acey,Palatine,IL,geoffrey@gmail.com
Stevie,Westerbeck,Costa Mesa,CA,stevie.westerbeck@yahoo.com
Pamella,Fortino,Denver,CO,pamella@fortino.com
Harrison,Haufler,New Haven,CT,hhaufler@hotmail.com
Johnna,Engelberg,Bothell,WA,jengelberg@engelberg.org
Buddy,Cloney,Strongsville,OH,buddy.cloney@yahoo.com
Dalene,Riden,Plaistow,NH,dalene.riden@aol.com
Jerry,Zurcher,Satellite Beach,FL,jzurcher@zurcher.org
Haydee,Denooyer,New York,NY,hdenooyer@denooyer.org
Joseph,Cryer,Huntington Beach,CA,joseph_cryer@cox.net
Deonna,Kippley,Southfield,MI,deonna_kippley@hotmail.com
Raymon,Calvaresi,Indianapolis,IN,raymon.calvaresi@gmail.com
Alecia,Bubash,Wichita Falls,TX,alecia@aol.com
Ma,Layous,North Haven,CT,mlayous@hotmail.com
Detra,Coyier,Aberdeen,MD,detra@aol.com
Terrilyn,Rodeigues,New Orleans,LA,terrilyn.rodeigues@cox.net
Salome,Lacovara,Richmond,VA,slacovara@gmail.com
Garry,Keetch,Southampton,PA,garry_keetch@hotmail.com
Matthew,Neither,Shakopee,MN,mneither@yahoo.com
Theodora,Restrepo,Miami,FL,theodora.restrepo@restrepo.com
Noah,Kalafatis,Milwaukee,WI,noah.kalafatis@aol.com
Carmen,Sweigard,Somerset,NJ,csweigard@sweigard.com
Lavonda,Hengel,Fargo,ND,lavonda@cox.net
Junita,Stoltzman,Carson City,NV,junita@aol.com
Herminia,Nicolozakes,Scottsdale,AZ,herminia@nicolozakes.org
Casie,Good,Nashville,TN,casie.good@aol.com
Reena,Maisto,Salisbury,MD,reena@hotmail.com
Mirta,Mallett,New York,NY,mirta_mallett@gmail.com
Cathrine,Pontoriero,Amarillo,TX,cathrine.pontoriero@pontoriero.com
Filiberto,Tawil,Los Angeles,CA,ftawil@hotmail.com
Raul,Upthegrove,La Mesa,CA,rupthegrove@yahoo.com
Sarah,Candlish,Atlanta,GA,sarah.candlish@gmail.com
Lucy,Treston,Worcester,MA,lucy@cox.net
Judy,Aquas,Niles,MI,jaquas@aquas.com
Yvonne,Tjepkema,Fairfield,NJ,yvonne.tjepkema@hotmail.com
Kayleigh,Lace,Lafayette,LA,kayleigh.lace@yahoo.com
Felix,Hirpara,Denver,PA,felix_hirpara@cox.net
Tresa,Sweely,Valley Park,MO,tresa_sweely@hotmail.com
Kristeen,Turinetti,Arlington,TX,kristeen@gmail.com
Jenelle,Regusters,Tampa,FL,jregusters@regusters.com
Renea,Monterrubio,Atlanta,GA,renea@hotmail.com
Olive,Matuszak,Cathedral City,CA,olive@aol.com
Ligia,Reiber,Lansing,MI,lreiber@cox.net
Christiane,Eschberger,Phoenix,AZ,christiane.eschberger@yahoo.com
Goldie,Schirpke,Bangor,ME,goldie.schirpke@yahoo.com
Loreta,Timenez,Clinton,MD,loreta.timenez@hotmail.com
Fabiola,Hauenstein,York,PA,fabiola.hauenstein@hauenstein.org
Amie,Perigo,Mesquite,TX,amie.perigo@yahoo.com
Raina,Brachle,Butte,MT,raina.brachle@brachle.org
Erinn,Canlas,Livingston,NJ,erinn.canlas@canlas.com
Cherry,Lietz,Waterford,MI,cherry@lietz.com
Kattie,Vonasek,Cleveland,OH,kattie@vonasek.org
Lilli,Scriven,Abilene,TX,lilli@aol.com
Whitley,Tomasulo,Fort Worth,TX,whitley.tomasulo@aol.com
Barbra,Adkin,Brooklyn,NY,badkin@hotmail.com
Hermila,Thyberg,Providence,RI,hermila_thyberg@hotmail.com
Jesusita,Flister,Lancaster,PA,jesusita.flister@hotmail.com
Caitlin,Julia,Johnston,RI,caitlin.julia@julia.org
Roosevelt,Hoffis,Hialeah,FL,roosevelt.hoffis@aol.com
Helaine,Halter,Jersey City,NJ,hhalter@yahoo.com
Lorean,Martabano,San Antonio,TX,lorean.martabano@hotmail.com
France,Buzick,Brooklyn,NY,france.buzick@yahoo.com
Justine,Ferrario,Pomona,CA,jferrario@hotmail.com
Adelina,Nabours,Cleveland,OH,adelina_nabours@gmail.com
Derick,Dhamer,New York,NY,ddhamer@cox.net
Jerry,Dallen,Richmond,VA,jerry.dallen@yahoo.com
Leota,Ragel,Trion,GA,leota.ragel@gmail.com
Jutta,Amyot,Broussard,LA,jamyot@hotmail.com
Aja,Gehrett,Nutley,NJ,aja_gehrett@hotmail.com
Kirk,Herritt,Vestal,NY,kirk.herritt@aol.com
Leonora,Mauson,Passaic,NJ,leonora@yahoo.com
Winfred,Brucato,Moscow,ID,winfred_brucato@hotmail.com
Tarra,Nachor,San Francisco,CA,tarra.nachor@cox.net
Corinne,Loder,North Attleboro,MA,corinne@loder.org
Dulce,Labreche,Rochester,MI,dulce_labreche@yahoo.com
Kate,Keneipp,Green Bay,WI,kate_keneipp@yahoo.com
Kaitlyn,Ogg,Baltimore,MD,kaitlyn.ogg@gmail.com
Sherita,Saras,Colorado Springs,CO,sherita.saras@cox.net
Lashawnda,Stuer,Toledo,OH,lstuer@cox.net
Ernest,Syrop,Hyattsville,MD,ernest@cox.net
Nobuko,Halsey,New Bedford,MA,nobuko.halsey@yahoo.com
Lavonna,Wolny,Mc Lean,VA,lavonna.wolny@hotmail.com
Lashaunda,Lizama,Hanover,MD,llizama@cox.net
Mariann,Bilden,Austin,TX,mariann.bilden@aol.com
Helene,Rodenberger,Peoria,AZ,helene@aol.com
Roselle,Estell,Bucyrus,OH,roselle.estell@hotmail.com
Samira,Heintzman,Kent,WA,sheintzman@hotmail.com
Margart,Meisel,Cincinnati,OH,margart_meisel@yahoo.com
Kristofer,Bennick,Bloomington,IN,kristofer.bennick@yahoo.com
Weldon,Acuff,Arlington Heights,IL,wacuff@gmail.com
Shalon,Shadrick,Brooklyn,NY,shalon@cox.net
Denise,Patak,Orlando,FL,denise@patak.org
Louvenia,Beech,Beverly Hills,CA,louvenia.beech@beech.com
Audry,Yaw,Brandon,FL,audry.yaw@yaw.org
Kristel,Ehmann,El Paso,TX,kristel.ehmann@aol.com
Vincenza,Zepp,El Cajon,CA,vzepp@gmail.com
Elouise,Gwalthney,Bladensburg,MD,egwalthney@yahoo.com
Venita,Maillard,Anaheim,CA,venita_maillard@gmail.com
Kasandra,Semidey,Saint Louis,MO,kasandra_semidey@semidey.com
Xochitl,Discipio,Round Rock,TX,xdiscipio@gmail.com
Maile,Linahan,Greensboro,NC,mlinahan@yahoo.com
Krissy,Rauser,Coram,NY,krauser@cox.net
Pete,Dubaldi,Lyndhurst,NJ,pdubaldi@hotmail.com
Linn,Paa,Memphis,TN,linn_paa@paa.com
Paris,Wide,Atlanta,GA,paris@hotmail.com
Wynell,Dorshorst,Pacifica,CA,wynell_dorshorst@dorshorst.org
Quentin,Birkner,Burnsville,MN,qbirkner@aol.com
Regenia,Kannady,Scottsdale,AZ,regenia.kannady@cox.net
Sheron,Louissant,Long Island City,NY,sheron@aol.com
Izetta,Funnell,Atlanta,GA,izetta.funnell@hotmail.com
Rodolfo,Butzen,Northfield,MN,rodolfo@hotmail.com
Zona,Colla,Norwalk,CT,zona@hotmail.com
Serina,Zagen,Fort Wayne,IN,szagen@aol.com
Paz,Sahagun,Meridian,MS,paz_sahagun@cox.net
Markus,Lukasik,Sterling Heights,MI,markus@yahoo.com
Jaclyn,Bachman,Colorado Springs,CO,jaclyn@aol.com
Cyril,Daufeldt,New York,NY,cyril_daufeldt@daufeldt.com
Gayla,Schnitzler,Hayward,CA,gschnitzler@gmail.com
Erick,Nievas,Chicago,IL,erick_nievas@aol.com
Jennie,Drymon,Scranton,PA,jennie@cox.net
Mitsue,Scipione,Oroville,CA,mscipione@scipione.com
Ciara,Ventura,Port Jervis,NY,cventura@yahoo.com
Galen,Cantres,Brook Park,OH,galen@yahoo.com
Truman,Feichtner,Bloomfield,NJ,tfeichtner@yahoo.com
Gail,Kitty,Anchorage,AK,gail@kitty.com
Dalene,Schoeneck,Philadelphia,PA,dalene@schoeneck.org
Gertude,Witten,Cincinnati,OH,gertude.witten@gmail.com
Lizbeth,Kohl,Gardena,CA,lizbeth@yahoo.com
Glenn,Berray,Des Moines,IA,gberray@gmail.com
Lashandra,Klang,King of Prussia,PA,lashandra@yahoo.com
Lenna,Newville,Raleigh,NC,lnewville@newville.com
Laurel,Pagliuca,Richland,WA,laurel@yahoo.com
Mireya,Frerking,Pelham,NY,mireya.frerking@hotmail.com
Annelle,Tagala,Parkville,MD,annelle@yahoo.com
Dean,Ketelsen,Hicksville,NY,dean_ketelsen@gmail.com
Levi,Munis,Worcester,MA,levi.munis@gmail.com
Sylvie,Ryser,Tulsa,OK,sylvie@aol.com
Sharee,Maile,Muskegon,MI,sharee_maile@aol.com
Cordelia,Storment,Lafayette,LA,cordelia_storment@aol.com
Mollie,Mcdoniel,Bowling Green,OH,mollie_mcdoniel@yahoo.com
Brett,Mccullan,La Mesa,CA,brett.mccullan@mccullan.com
Teddy,Pedrozo,Bridgeport,CT,teddy_pedrozo@aol.com
Tasia,Andreason,Kearny,NJ,tasia_andreason@yahoo.com
Hubert,Walthall,Barberton,OH,hubert@walthall.org
Arthur,Farrow,Englewood,NJ,arthur.farrow@yahoo.com
Vilma,Berlanga,Grand Rapids,MI,vberlanga@berlanga.com
Billye,Miro,Pearl,MS,billye_miro@cox.net
Glenna,Slayton,Memphis,TN,glenna_slayton@cox.net
Mitzie,Hudnall,Englewood,CO,mitzie_hudnall@yahoo.com
Bernardine,Rodefer,Memphis,TN,bernardine_rodefer@yahoo.com
Staci,Schmaltz,Pasadena,CA,staci_schmaltz@aol.com
Nichelle,Meteer,Chicago,IL,nichelle_meteer@meteer.com
Janine,Rhoden,Astoria,NY,jrhoden@yahoo.com
Ettie,Hoopengardner,Richland,WA,ettie.hoopengardner@hotmail.com
Eden,Jayson,Baltimore,MD,eden_jayson@yahoo.com
Lynelle,Auber,Newark,NJ,lynelle_auber@gmail.com
Merissa,Tomblin,Bellflower,CA,merissa.tomblin@gmail.com
Golda,Kaniecki,Toms River,NJ,golda_kaniecki@yahoo.com
Catarina,Gleich,Denville,NJ,catarina_gleich@hotmail.com
Virgie,Kiel,Denver,CO,vkiel@hotmail.com
Jolene,Ostolaza,Newport News,VA,jolene@yahoo.com
Keneth,Borgman,Phoenix,AZ,keneth@yahoo.com
Rikki,Nayar,Miami,FL,rikki@nayar.com
Elke,Sengbusch,Phoenix,AZ,elke_sengbusch@yahoo.com
Hoa,Sarao,Oak Hill,FL,hoa@sarao.org
Trinidad,Mcrae,San Francisco,CA,trinidad_mcrae@yahoo.com
Mari,Lueckenbach,San Diego,CA,mari_lueckenbach@yahoo.com
Selma,Husser,Jersey City,NJ,selma.husser@cox.net
Antione,Onofrio,San Bernardino,CA,aonofrio@onofrio.com
Luisa,Jurney,Cambridge,MA,ljurney@hotmail.com
Clorinda,Heimann,Escondido,CA,clorinda.heimann@hotmail.com
Dick,Wenzinger,Gardena,CA,dick@yahoo.com
Ahmed,Angalich,Harrisburg,PA,ahmed.angalich@angalich.com
Iluminada,Ohms,Mesa,AZ,iluminada.ohms@yahoo.com
Joanna,Leinenbach,Lake Worth,FL,joanna_leinenbach@hotmail.com
Caprice,Suell,Nashville,TN,caprice@aol.com
Stephane,Myricks,Burlington,KY,stephane_myricks@cox.net
Quentin,Swayze,Milan,MI,quentin_swayze@yahoo.com
Annmarie,Castros,Conroe,TX,annmarie_castros@gmail.com
Shonda,Greenbush,Clifton,NJ,shonda_greenbush@cox.net
Cecil,Lapage,Union City,NJ,clapage@lapage.com
Jeanice,Claucherty,Miami,FL,jeanice.claucherty@yahoo.com
Josphine,Villanueva,Moss,TN,josphine_villanueva@villanueva.com
Daniel,Perruzza,Santa Ana,CA,dperruzza@perruzza.com
Cassi,Wildfong,Rolling Meadows,IL,cassi.wildfong@aol.com
Britt,Galam,Hatfield,PA,britt@galam.org
Adell,Lipkin,Whippany,NJ,adell.lipkin@lipkin.com
Jacqueline,Rowling,Erie,PA,jacqueline.rowling@yahoo.com
Lonny,Weglarz,Salt Lake City,UT,lonny_weglarz@gmail.com
Lonna,Diestel,Fayetteville,NC,lonna_diestel@gmail.com
Cristal,Samara,Los Angeles,CA,cristal@cox.net
Kenneth,Grenet,East Lansing,MI,kenneth.grenet@grenet.org
Elli,Mclaird,Utica,NY,emclaird@mclaird.com
Alline,Jeanty,South Bend,IN,ajeanty@gmail.com
Sharika,Eanes,Orlando,FL,sharika.eanes@aol.com
Nu,Mcnease,Harrison,NJ,nu@gmail.com
Daniela,Comnick,Trenton,NJ,dcomnick@cox.net
Cecilia,Colaizzo,Madison,WI,cecilia_colaizzo@colaizzo.com
Leslie,Threets,Katonah,NY,leslie@cox.net
Nan,Koppinger,Greensboro,NC,nan@koppinger.com
Izetta,Dewar,Baltimore,MD,idewar@dewar.com
Tegan,Arceo,Monroe Township,NJ,tegan.arceo@arceo.org
Ruthann,Keener,Kerrville,TX,ruthann@hotmail.com
Joni,Breland,Elk Grove Village,IL,joni_breland@cox.net
Vi,Rentfro,Freehold,NJ,vrentfro@cox.net
Colette,Kardas,Omaha,NE,colette.kardas@yahoo.com
Malcolm,Tromblay,Annandale,VA,malcolm_tromblay@cox.net
Ryan,Harnos,Plano,TX,ryan@cox.net
Jess,Chaffins,New York,NY,jess.chaffins@chaffins.org
Sharen,Bourbon,Syosset,NY,sbourbon@yahoo.com
Nickolas,Juvera,Crystal River,FL,nickolas_juvera@cox.net
Gary,Nunlee,Fortville,IN,gary_nunlee@nunlee.org
Diane,Devreese,Saint Joseph,MO,diane@cox.net
Roslyn,Chavous,Jackson,MS,roslyn.chavous@chavous.org
Glory,Schieler,Abilene,TX,glory@yahoo.com
Rasheeda,Sayaphon,Saratoga,CA,rasheeda@aol.com
Alpha,Palaia,Cherry Hill,NJ,alpha@yahoo.com
Refugia,Jacobos,Hayward,CA,refugia.jacobos@jacobos.com
Shawnda,Yori,Longwood,FL,shawnda.yori@yahoo.com
Mona,Delasancha,Cheyenne,WY,mdelasancha@hotmail.com
Gilma,Liukko,Garden City,NY,gilma_liukko@gmail.com
Janey,Gabisi,Madison,WI,jgabisi@hotmail.com
Lili,Paskin,Kearny,NJ,lili.paskin@cox.net
Loren,Asar,Old Forge,PA,loren.asar@aol.com
Dorothy,Chesterfield,San Diego,CA,dorothy@cox.net
Gail,Similton,Thousand Palms,CA,gail_similton@similton.com
Catalina,Tillotson,Margate City,NJ,catalina@hotmail.com
Lawrence,Lorens,Providence,RI,lawrence.lorens@hotmail.com
Carlee,Boulter,Abilene,KS,carlee.boulter@hotmail.com
Thaddeus,Ankeny,Roseville,CA,tankeny@ankeny.org
Jovita,Oles,Daytona Beach,FL,joles@gmail.com
Alesia,Hixenbaugh,Washington,DC,alesia_hixenbaugh@hixenbaugh.org
Lai,Harabedian,Novato,CA,lai@gmail.com
Brittni,Gillaspie,Boise,ID,bgillaspie@gillaspie.com
Raylene,Kampa,Elkhart,IN,rkampa@kampa.org
Flo,Bookamer,Alliance,NE,flo.bookamer@cox.net
Jani,Biddy,Seattle,WA,jbiddy@yahoo.com
Chauncey,Motley,Orlando,FL,chauncey_motley@aol.com